{
  "address": "mjcSuqvGTuq8Ys82juwa69eAb4Z69VaqEE",
  "hash160": "2cea78a55e7e690c0b444fb9d77c1406913787b5",
  "tx_in_sz": 2,
  "tx_out_sz": 1,
  "btc_in": 700000000,
  "btc_out": 300000000,
  "balance": 400000000,
  "tx_sz": 3,
  "transactions": {
    "a228b621da5e832c27dba988b2c951885af734a417298357dc6b29593a37fbba": {
      "hash": "a228b621da5e832c27dba988b2c951885af734a417298357dc6b29593a37fbba",
      "ver": 1,
      "vin_sz": 1,
      "vout_sz": 2,
      "lock_time": 0,
      "size": 225,
      "in": [
        {
          "prev_out": {
            "hash": "6210677ae370d51f484ce7d3b297bf9fcfae2215b8bec331109d842371c066b0",
            "n": 1
          },
          "scriptSig": "304402205dfa1271ab7ddd03222a2490172b5e840f6f209fd30aa69980a1719462ceb85c02201ee0545481c561edfab5e3537f907dd7bd9bfa59f27fa76d4ffded6fd78c761801 03f4e831ebdcb7b9bfd92921ed6aa5b4754fe3df573e63d5f5273d35978c5210a3"
        }
      ],
      "out": [
        {
          "value": "3.00000000",
          "scriptPubKey": "OP_DUP OP_HASH160 2cea78a55e7e690c0b444fb9d77c1406913787b5 OP_EQUALVERIFY OP_CHECKSIG",
          "address": "mjcSuqvGTuq8Ys82juwa69eAb4Z69VaqEE"
        },
        {
          "value": "226.55315755",
          "scriptPubKey": "OP_DUP OP_HASH160 494ec8758e3036802e01c29663ead23565bdea8c OP_EQUALVERIFY OP_CHECKSIG",
          "address": "mnCZzzvXRwFMQcZxHJPywYTKnRADewG4mk"
        }
      ],
      "block": "00000000cbc97b8c43b35735b106d25f449d01e42827138fdaf0d9d6bcd4da2c",
      "blocknumber": 147734,
      "time": "2013-11-22 10:17:13"
    },
    "2deb110f8f923d97a5a1b48cad7332800b1443529c017f46e98a39db1a14696a": {
      "hash": "2deb110f8f923d97a5a1b48cad7332800b1443529c017f46e98a39db1a14696a",
      "ver": 1,
      "vin_sz": 2,
      "vout_sz": 1,
      "lock_time": 0,
      "size": 404,
      "in": [
        {
          "prev_out": {
            "hash": "a228b621da5e832c27dba988b2c951885af734a417298357dc6b29593a37fbba",
            "n": 0
          },
          "scriptSig": "3045022100c0287110f42208f28ee6dda049073de22c94d00f31bb052e1473cbcc5aa55805022048b0ef1cf9cac116eeea0ff15025586bbde3154ebc3eb1b0799cc381f80818e601 04945c0adcd9af66ced24847fdad98d9652414f5aa67393c7c7e528ea9c8baebb0b07971b9bb5b18a3eb77610d1f50a5048b120e8b1df2f34571c1436e67e7b8f8"
        },
        {
          "prev_out": {
            "hash": "ffe714ba2baa106adeb6fcf903e4049be1d0fceb0be3215de4b710dc611b886b",
            "n": 1
          },
          "scriptSig": "3045022100db1371d915e4f8927621c452386a287b52dcb6609ec2731b3cf86058beacfaaa0220676bac94e3eec4687b17033e34119d97b65e96f91b4e97162932bd63360ea27101 04ea4ef4eb295bcd3bbca195af08ede47929fd6385d82fd9bf2f37b84a3e96996415bef16e9148402b0b730214e6cf2ef745ef67d2899bb1c96238f4891a748557"
        }
      ],
      "out": [
        {
          "value": "13.00000000",
          "scriptPubKey": "OP_DUP OP_HASH160 4e83dd4f36a5ffe1b2c7e071bf4a58d03795ddc8 OP_EQUALVERIFY OP_CHECKSIG",
          "address": "mng6y83G5DWUseA9t2jVM53brjDaFNvGzB"
        }
      ],
      "block": "00000000ba929a67c6fe25fb6d29098dd477e82ba2da1f3f81bc955b723af8a8",
      "blocknumber": 155200,
      "time": "2014-01-04 12:53:45"
    },
    "50faf760057b52e4a9011d7989a1322b2727f5ce7f1750d5796a3883c1bf0fc7": {
      "hash": "50faf760057b52e4a9011d7989a1322b2727f5ce7f1750d5796a3883c1bf0fc7",
      "ver": 1,
      "vin_sz": 1,
      "vout_sz": 2,
      "lock_time": 0,
      "size": 226,
      "in": [
        {
          "prev_out": {
            "hash": "00d962d1d332ac74623fad9c9dfca706fb86941b9dbcfee278b61170fee15003",
            "n": 1
          },
          "scriptSig": "30450220781559a021ac83bfca4523d782eb96a58b2b6a3a00f2a930934a3feef422b648022100d858c1ee7d9b0053cfd71b84e5a1775652d0e772768a47cd9f1c773c39f7206301 025d7106afc082d89f62705033756531de6f1186b47f497816e3f0a2b808c46616"
        }
      ],
      "out": [
        {
          "value": "213.35626055",
          "scriptPubKey": "OP_DUP OP_HASH160 d6d41b98bd854be7d00c9cec59da91d2d0a63c9c OP_EQUALVERIFY OP_CHECKSIG",
          "address": "n16rzcZjzkHD85W3V7QPmhMmCFXDjqEHbb"
        },
        {
          "value": "4.00000000",
          "scriptPubKey": "OP_DUP OP_HASH160 2cea78a55e7e690c0b444fb9d77c1406913787b5 OP_EQUALVERIFY OP_CHECKSIG",
          "address": "mjcSuqvGTuq8Ys82juwa69eAb4Z69VaqEE"
        }
      ],
      "block": "000000005171e7cb17c954a105c97736322489db4e74d5f629d30ffe7a9318e4",
      "blocknumber": 147737,
      "time": "2013-11-22 11:18:37"
    }
  }
}
